date,time,title,slug
1/18/2017,2:00,MISHA NONOO ,nonoo
1/24/2017,4:30,VETEMENTS,vetements
1/26/2017,5:00,NELLIE PARTOW,nellie-partow
2/1/2017,1:00,NICOPANDA,nicopanda
2/2/2017,5:30,TOMAS MAIER,tomas-maier
2/2/2017,5:30,MATTHEW ADAMS DOLAN,matthew-adams-dolan
2/3/2017,9:30,KHAITE ,khaite
2/4/2017,TBD,REBECCA MINKOFF SPRING,
2/6/2017,9:00/9:15,TSE,tse
2/6/2017,9:30,MARISSA WEBB,marissa-webb
2/6/2017,12:00,RACHEL ANTONOFF,rachel-antonoff
2/6/2017,4:30,MONIQUE LHUILLIER,monique-lhuillier
2/6/2017,4:30, NP ZAC POSEN PREVIEW,
2/6/2017,5:00,JI OH,ji-oh
2/6/2017,5:15,M.PATMOS,m-patmos
2/6/2017,6:00,RAQUEL ALLEGRA ,raquel-allegra
2/6/2017,7:00,RACHEL ZOE  ,rachel-zoe
2/7/2017,1:30,ESCADA,escada
2/7/2017,2:30,TRINA TURK,trina-turk
2/7/2017,6:00,RACHEL COMEY  ,rachel-comey
2/8/2017,9:00 ,RED VALENTINO,red-valentino
2/8/2017,9:00,GARY GRAHAM,gary-graham
2/8/2017,10:30,AUDRA,audra
2/8/2017,11:00 - 1:00,M. MARTIN ,m-martin
2/8/2017,12:00,REBECCA TAYLOR,rebecca-taylor
2/8/2017,12:00 - 1:00,WHIT,whit
2/8/2017,3:00 - 4:00,PH5,ph5
2/8/2017,3:30,PAM & GELA,pam-gela
2/8/2017,4:00,CYNTHIA ROWLEY,cynthia-rowley
2/8/2017,5:00,TOMMY HILFIGER  ,tommy-hilfiger
2/8/2017,6:00,JENNI KAYNE,jenni-kayne
2/8/2017,7:00,R13,r13
2/9/2017,9:00,KENDALL + KYLIE,kendall-kylie
2/9/2017,9:30,RAG & BONE TEAM APPOINTMENT,rag-bone
2/9/2017,10:00,NICHOLAS K,nicholas-k
2/9/2017,11:00,JEFFREY DODD,jeffrey-dodd
2/9/2017,12:00,ERIN FETHERSTON,erin-fetherston
2/9/2017,12:00 - 1:30,COLOVOS,colovos
2/9/2017,12:30 - 2:00,CINQ A SEPT,cinq-a-sept
2/9/2017,1:00 - 3:00,HAUS ALKIRE,haus-alkire
2/9/2017,2:00,BROCK COLLECTION,brock-collection
2/9/2017,3:00,NOVIS,novis
2/9/2017,4:00,ADEAM,adeam
2/9/2017,4:00,TADASHI SHOJI,tadashi-shoji
2/9/2017,4:00 - 6:00,CREATURES OF COMFORT,creatures-of-comfort
2/9/2017,5:00,ULLA JOHNSON,ulla-johnson
2/9/2017,5:00,CHRISTIAN COWAN,
2/9/2017,5:00,OAK,oak
2/9/2017,6:00,ADAM SELMAN,adam-selman
2/9/2017,6:00 - 7:00,KATIE GALLAGHER,katie-gallagher
2/9/2017,7:00 - 8:00,THAKOON ,thakoon
2/9/2017,8:00,LA PERLA,la-perla
2/9/2017,8:00 - 10:00,RAG & BONE EXHIBITION/PARTY,
2/10/2017,9:00,ELIZABETH AND JAMES,elizabeth-james
2/10/2017,10:00,OSKLEN,osklen
2/10/2017,10:00,RHIE,rhie
2/10/2017,10:00,MAYAS RAG & BONE APPOINTMENT,rag-bone
2/10/2017,10:00,CALVIN KLEIN COLLECTION,calvin-klein-collection
2/10/2017,11:00,ROBERT RODRIGUEZ,robert-rodriguez
2/10/2017,11:15,KATE SPADE  NEW YORK,kate-spade-new-york
2/10/2017,12:00,ZAC ZAC POSEN,zac-zac-posen
2/10/2017,12:00 - 1:00,TANYA TAYLOR,tanya-taylor
2/10/2017,1:00,HELLESSY,hellessy
2/10/2017,2:00,MILLY,milly
2/10/2017,2:00,LINDER,linder
2/10/2017,3:00,CUSHNIE ET OCHS,cushnie-et-ochs
2/10/2017,3:00,PAMELLA ROLAND,pamella-roland
2/10/2017,3:00,NORMA KAMALI,norma-kamali
2/10/2017,4:00,REBECCA MINKOFF,rebecca-minkoff
2/10/2017,3:30,NP ALTUZARRA PREVIEW,
2/10/2017,4:00,WARM ,warm
2/10/2017,4:00,SACHIN + BABI,sachin-babi
2/10/2017,4:00,ERIC SCHLOSBERG,eric-schlosberg
2/10/2017,4:00,CHROMAT,chromat
2/10/2017,5:00,JASON WU,jason-wu
2/10/2017,5:15,CLUB MONACO  ,club-monaco
2/10/2017,6:00,NICOLE MILLER,nicole-miller
2/10/2017,7:00,JEREMY SCOTT,jeremy-scott
2/10/2017,8:00,VFILES,vfiles
2/10/2017,9:00,TELFAR,telfar
2/10/2017,9:00,ALEJANDRA ALONSO ROJAS,alejandra-alonso-rojas
2/11/2017,10:00,ADAM LIPPES,adam-lippes
2/11/2017,10:00 - 4:00,VISVIM,visvim
2/11/2017,10:00,LACOSTE,lacoste
2/11/2017,11:00,JILL STUART,jill-stuart
2/11/2017,12:00 - 1:30,ROMEO HUNT,
2/11/2017,12:00,CREATURES OF THE WIND,creatures-of-wind
2/11/2017,1:00,RYAN ROCHE,ryan-roche
2/11/2017,2:00,TIBI,tibi
2/11/2017,2:30 - 4:30,PRISM,
2/11/2017,3:00,DION LEE,dion-lee
2/11/2017,4:00,CHRISTIAN SIRIANO,christian-siriano
2/11/2017,4:00,CG CHRIS GELINAS,cg
2/11/2017,4:00,SELF-PORTRAIT,self-portrait
2/11/2017,5:00,JONATHAN SIMKHAI,jonathan-simkhai
2/11/2017,6:00,A DETACHER,a-detacher
2/11/2017,6:00,GEORGINE,
2/11/2017,6:30 - 8:30,SIMON MILLER ,simon-miller
2/11/2017,7:00,AREA,area
2/11/2017,7:00 - 8:00,JULIANNA BASS,
2/11/2017,8:00,ALEXANDER WANG,alexander-wang
2/12/2017,9:00,MICHAEL KORS VOGUE PREVIEW,
2/12/2017,10:00,PROTAGONIST,protagonist
2/12/2017,10:00,VICTORIA BECKHAM,victoria-beckham
2/12/2017,11:00,PUBLIC SCHOOL,public-school
2/12/2017,11:00,FRAME,frame-denim
2/12/2017,12:00,ROSETTA GETTY,rosetta-getty
2/12/2017,12:00,TOME,tome
2/12/2017,12:00 - 2:00,ELIZABETH KENNEDY,elizabeth-kennedy
2/12/2017,12:00,CO,co
2/12/2017,1:00,GYPSY SPORT,gypsy-sport
2/12/2017,1:30 - 2:30,J. CREW,j-crew
2/12/2017,3:00,CUSTO BARCELONA,custo-barcelona
2/12/2017,3:00,SIES MARJAN,sies-marjan
2/12/2017,3:00 - 4:00,TRACY REESE,tracy-reese
2/12/2017,4:00 - 6:00,DIANE VON FURSTENBERG,diane-von-furstenberg
2/12/2017,5:00,JENNY PACKHAM,jenny-packham
2/12/2017,5:00,SANDY LIANG,
2/12/2017,6:00,VAQUERA,
2/12/2017,6:00 - 7:00,BEAUFILLE,beaufille
2/12/2017,7:00,PRABAL GURUNG,prabal-gurung
2/12/2017,8:00,ALTUZARRA,altuzarra
2/13/2017,9:00,THE ROW,row
2/13/2017,9:00,HANEY,haney
2/13/2017,10:00,EDUN,edun
2/13/2017,10:00,CAROLINA HERRERA,carolina-herrera
2/13/2017,10:00 - 12:00,CHRISTOPHER ESBER,
2/13/2017,11:00 - 1:00,ROSIE ASSOULIN,rosie-assoulin
2/13/2017,11:00 - 1:00,MPG,
2/13/2017,11:00,ZIMMERMANN,zimmermann
2/13/2017,12:00,THE ELDER STATESMAN,elder-statesman
2/13/2017,12:00,LELA ROSE,lela-rose
2/13/2017,12:00 ,MARYAM NASSIR ZADEH,maryam-nassir-zadeh
2/13/2017,1:00,PROENZA SCHOULER,proenza-schouler
2/13/2017,2:00,GABRIELA HEARST NP PREVIEW,
2/13/2017,2:00,ZADIG & VOLTAIRE,zadig-voltaire
2/13/2017,2:00,YEOHLEE,yeohlee
2/13/2017,3:00,3.1 PHILLIP LIM,3-1-phillip-lim
2/13/2017,3:30,CAMILLA AND MARC,camilla-marc
2/13/2017,4:00,LIBERTINE,libertine
2/13/2017,4:00,MARA HOFFMAN,mara-hoffman
2/13/2017,5:00 - 6:00,VERONICA BEARD,veronica-beard
2/13/2017,5:30,ZERO + MARIA CORNEJO,zero-maria-cornejo
2/13/2017,6:30,OSCAR DE LA RENTA / MONSE,oscar-de-la-renta
2/13/2017,6:30 - 8:30,SUZANNE RAE,suzanne-rae
2/13/2017,8:00,ECKHAUS LATTA,eckhaus-latta
2/13/2017,9:00,PHILIPP PLEIN ,philipp-plein
2/14/2017,9:00,TORY BURCH,tory-burch
2/14/2017,10:00,BADGLEY MISCHKA,badgley-mischka
2/14/2017,10:00,JIL SANDER NAVY,jil-sander-navy
2/14/2017,11:00,NAEEM KHAN,naeem-khan
2/14/2017,11:00 - 1:00,BARBARA TFANK,barbara-tfank
2/14/2017,12:00,SAMUJI ,samuji
2/14/2017,12:00?,YIGAL AZROUEL,yigal-azrouel
2/14/2017,1:00 - 3:00,SALLY LAPOINTE,sally-lapointe
2/14/2017,1:00 - 3:00,ALICE + OLIVIA,
2/14/2017,1:00 - 2:00,ICB,icb
2/14/2017,2:00,DENNIS BASSO,dennis-basso
2/14/2017,2:00,GABRIELA HEARST,gabriela-hearst
2/14/2017,3:00,MONCLER GRENOBLE,moncler-grenoble
2/14/2017,3:30,JOSIE NATORI,josie-natori
2/14/2017,4:00,COACH,coach
2/14/2017,4:00,APIECE APART,apiece-apart
2/14/2017,5:00 - 7:00,MANSUR GAVRIEL,
2/14/2017,5:30,THREEASFOUR,threeasfour
2/14/2017,6:00,BRANDON MAXWELL,brandon-maxwell
2/14/2017,6:00,REEM ACRA,reem-acra
2/14/2017,6:00 - 8:00,NOMIA,nomia
2/14/2017,7:00 - 9:00,ZAC POSEN,zac-posen
2/14/2017,8:00,NARCISO RODRIGUEZ,narciso-rodriguez
2/14/2017,8:00,XULY BÃ‹T,xulybet
2/14/2017,9:00,PYER MOSS,pyer-moss
2/14/2017,10:00 - 12:00,BAJA EAST,baja-east
2/15/2017,10:00,MICHAEL KORS,michael-kors-collection
2/15/2017,10:00,ATM ANTHONY THOMAS MELILLO,atm-anthony-thomas-melillo
2/15/2017,11:00,DELPOZO,delpozo
2/15/2017,11:00 - 1:00,KLS KIMORA LEE SIMMONS,kls-kimora-lee-simmons
2/15/2017,12:00,VIVIENNE TAM,vivienne-tam
2/15/2017,12:00,BONNIE YOUNG ,by-bonnie-young
2/15/2017,12:00 - 1:30,BROOKS BROTHERS,brooks-brothers
2/15/2017,1:00,BIBHU MOHAPATRA,bibhu-mohapatra
2/15/2017,1:30,J. MENDEL,j-mendel
2/15/2017,2:30 ,DEREK LAM,derek-lam
2/15/2017,3:00,YEEZY,kanye-west-adidas-originals
2/15/2017,4:00,ANNA SUI,anna-sui
2/15/2017,5:00,MARCHESA,marchesa
2/15/2017,5:00,WENDY NICHOL,wendy-nichol
2/15/2017,6:00,THOM BROWNE,thom-browne
2/15/2017,7:00,RALPH LAUREN ,ralph-lauren
2/15/2017,8:00 - 9:00,MAKI OH,maki-oh
2/15/2017,9:00,ASSEMBLY NEW YORK,assembly
2/16/2017,9:00 ,SEE BY CHLOE,see-by-chloe
2/16/2017,10:30,ZOE JORDAN ,zoe-jordan
2/16/2017,12:00 - 1:00,DAVID MICHAEL,david-michael
2/16/2017,2:00,MARC JACOBS,marc-jacobs
2/16/2017,5:00,NILI LOTAN,nili-lotan
2/16/2017,TBD,VICTOR ALFARO,
2/17/2017,11:00,MARCHESA NOTTE,marchesa-notte
2/20/2017,TBD,KAREN WALKER,karen-walker
3/7/2017,9:00,M MISSONI  ,m-missoni
3/7/2017,10:30,HALSTON HERITAGE,halston-heritage
,,SALONI,
MARCH,,A.L.C.,a-l-c-
,,OPENING CEREMONY?,opening-ceremony
,,DKNY,dkny
,,TOM FORD ,tom-ford
,,FENTY x PUMA,
,,BABYGHOST,babyghost
,,HERVE LEGER,herve-leger-by-max-azria
,,MCQ ALEXANDER MCQUEEN,mcq-alexander-mcqueen
,,TIMO WEILAND,timo-weiland
,,WES GORDON,wes-gordon
,, ,suno
,,NANETTE LEPORE,nanette-lepore
,,LISA PERRY,lisa-perry
,,LISA MARIE FERNANDEZ ,lisa-marie-fernandez
,,SEA,sea
,,Lemlem,lemlem
,,SOPHIE THEALLET,
,,STEVEN ALAN,
,,PHELAN,phelan
,,ELECTRIC FEATHERS,
,,THE GREAT,
,,ORGANIC BY JOHN PATRICK,
,,BLK DNM,blk-dnm
,,VEDA?,
,,HOUGHTON?,
,,KITH?,
,,J BRAND,
,,RR331 ,rr331
,,JOSH GOOT,
 , ,BANANA REPUBLIC,banana-republic
,,ORLA KIELY,orla-kiely
,,AKRIS,akris
,,RODEBJER,rodebjer
,,BRANDON SUN,
,,COSTELLO TAGLIAPIETRA,
,,BOSS,
,,MM6 - London,
,,MAIYET,kaelen
,,THAKOON ADDITION,
,,PORSCHE DESIGN,
,,ZOE JORDAN,
,,VPL,
,,TIM COPPENS,
,,MBMJ,
,,6397,
,,DONNA KARAN,
,,RACHEL ROY,
,,JEREMY LAING,
,,TOCCA,
,,CHADWICK BELL,
,,ALEXANDRE HERCHCOVITCH,
,,AND RE WALKER,
,,KAUFMANFRANCO,
,,ROBERT RODRIGUEZ,
,,CATHERINE MALANDRINO,
,,TUCKER,
,,GREGORY PARKINSON,
,,TRIBUNE STANDARD,
,,WAYNE,
,,FAITH CONNEXION - PARIS,
,,PEDRO DEL HIERRO MADRID,
,,BESPOKEN,
,,MARK MCNAIRY,
,,HONOR,
,,RICHARD CHAI,
,,LYN DEVON,
,,TESS GIBERSON,
,,TIA CIBANI,
,,TAMARA MELLON,
,,VERA WANG,
 , ,HOOD BY AIR*,hood-by-air
,,MAISON MAYLE*,maison-mayle
,,URBAN ZEN,organic-by-john-patrick
,, POLO RALPH LAUREN  ,sophie-theallet
,,ORLEY,
,,SCOTCH & SODA ,
,,SUNO,
,,BAND OF OUTSIDERS,band-of-outsiders
